case_id	source_type	public_url	script	players	beginner_context	fidelity	observed_storyteller_choice	parameter_tags	evidence_weight	notes
ct-01	CLOCKTRACKER	https://clocktracker.app/game/ffb40a93-3d7b-42c4-bba8-bc9c363dcd30	Trouble Brewing	14	unknown/mixed	EXECUTABLE	Chef/Investigator/Saint bluffs; RH Monk; poisoned Librarian shown Saint pair; Drunk Empath 0; FT NO	BLUFFABILITY;NARRATIVE_DIVERSITY;COVERAGE_COMPLEMENTARITY;N1_PRESSURE_BAND;DRUNK_MARGINAL;NARRATIVE_ANCHORING	HIGH	Exact external pilot fixture; dedicated workflow/CI/R2 green.
ct-02	CLOCKTRACKER	https://clocktracker.app/game/5815056c-a860-406d-8caa-293b6163fd1f	Trouble Brewing	11	unknown	QUALITATIVE_ST_RATIONALE	ST saw Evil sitting in a row; considered Drunk Chef vs Drunk Investigator and chose Investigator	TRUTH_DANGER;EVIL_TOPOLOGY_COUPLING	HIGH_QUALITATIVE	Explicit ST rationale; exact seat reconstruction pending.
ct-03	CLOCKTRACKER	https://clocktracker.app/game/0c964606-a126-407b-8952-fed8b6fa2e08	Trouble Brewing	unknown	unknown/mixed	HIGH_FIDELITY_NIGHT1	Demon bluffs Saint/Monk/Investigator; Poisoner target and several N1 clues indexed	NARRATIVE_DIVERSITY;CLAIM_BURDEN;BLUFFABILITY	MEDIUM_HIGH	Exact seat order incomplete; no fabricated topology fixture.
ct-04	CLOCKTRACKER	https://clocktracker.app/game/55fba9f9-3a83-42da-b0c4-596be13c4d55	Trouble Brewing	14	unknown	QUALITATIVE_TRAJECTORY	FT repeatedly hit the Red Herring and received repeated YES results	RED_HERRING_TRAJECTORY	MEDIUM_HIGH	Shows downstream RH impact; exact N1 reconstruction pending.
rd-01	REDDIT_GAME_REPORT	https://www.reddit.com/r/BloodOnTheClocktower/comments/1hfg556	Trouble Brewing	11	3 new, 2 lightly experienced, 6 experienced	HIGH_FIDELITY_RATIONALE	Initial Drunk Investigator plan changed to Drunk Empath because Empath sat next to two Evil players	TRUTH_DANGER;EVIL_TOPOLOGY_COUPLING;BEGINNER_BALANCE	HIGH	Independent explicit ST adaptation to actual seating.
rd-02	REDDIT_GAME_REPORT	https://www.reddit.com/r/BloodOnTheClocktower/comments/yv6sc7	Trouble Brewing	9	all new; mostly non-gamers	HIGH_FIDELITY_NIGHT1	Drunk Chef shown 0 although Demon and Minion were adjacent	TRUTH_DANGER;DRUNK_MARGINAL;BEGINNER_BALANCE	HIGH	Independent beginner-table suppression of a dangerous healthy Chef truth.
rd-03	REDDIT_GAME_REPORT	https://www.reddit.com/r/BloodOnTheClocktower/comments/vr8551	Trouble Brewing	unknown	mostly newbies; group game 3/4	QUALITATIVE_ST_RATIONALE	Drunk Undertaker selected so ST retained balance control if Poisoner did not choose well	FUTURE_CORRECTION_CAPACITY;ONGOING_INFO_CONTROL	HIGH_QUALITATIVE	Explicit rationale for reserving future correction capacity.
rd-04	REDDIT_GAME_REPORT	https://www.reddit.com/r/BloodOnTheClocktower/comments/19ce47n	Trouble Brewing	9	third ST session; mixed/newish	HIGH_FIDELITY_RATIONALE	Poisoned Empath next to Poisoner+Recluse shown 0; later poisoned RK shown Mayor, the Poisoner's bluff	NARRATIVE_ANCHORING;IMPAIRMENT_DETECTABILITY;RECOVERABILITY;EXPERIENCE_ADAPTATION	HIGH	ST later says choices would be gentler for inexperienced players.
rd-05	REDDIT_GAME_REPORT	https://www.reddit.com/r/BloodOnTheClocktower/comments/1l1p8gd	Trouble Brewing	unknown	fairly new; some first games	HIGH_FIDELITY_TRAJECTORY	FT hits RH Mayor N1; Drunk Undertaker shown Imp after Mayor execution, producing coherent false Scarlet Woman world	RED_HERRING_TRAJECTORY;NARRATIVE_ANCHORING;CROSS_CHANNEL_COHERENCE	HIGH	Independent repeated RH + impaired-info interaction.
rd-06	REDDIT_ST_DISCUSSION	https://www.reddit.com/r/BloodOnTheClocktower/comments/1iuysix	Trouble Brewing	various	experienced playgroup described	REPEATED_GROUP_OBSERVATION	After healthy Empath 0, poisoning may still warrant 0 because a sudden 1 can expose the Poisoner; Drunk can mimic the change pattern	TEMPORAL_CONSISTENCY;IMPAIRMENT_DETECTABILITY;TRUE_INFO_WHILE_IMPAIRED	HIGH_QUALITATIVE	Directly relevant to cross-night poison/drunk selector.
rd-07	REDDIT_GAME_REPORT	https://www.reddit.com/r/BloodOnTheClocktower/comments/1udfsju	Trouble Brewing	unknown	unknown	QUALITATIVE_POSTMORTEM	Table had Drunk Empath + Investigator distorted by Recluse and very little healthy information; player found ecology too information-poor	MIN_HEALTHY_INFO_FLOOR;N1_PRESSURE_BAND	MEDIUM	Negative external experience; use as floor evidence, not automatic bad label.
rd-08	REDDIT_GAME_REPORT	https://www.reddit.com/r/BloodOnTheClocktower/comments/1w3rkb6	Trouble Brewing	9	2 new players; new-ish ST	HIGH_FIDELITY_POSTMORTEM	Drunk Virgin, Chef 0, Empath 0; table complained there was too little information; ST considered alternative Drunk placement	MIN_HEALTHY_INFO_FLOOR;BEGINNER_INFORMATION_DENSITY	HIGH_QUALITATIVE	Independent 2026 beginner-table evidence for a healthy-information floor.
rd-09	REDDIT_GAME_REPORT	https://www.reddit.com/r/BloodOnTheClocktower/comments/v4psvc	Trouble Brewing	8	first ST game	HIGH_FIDELITY_NIGHT1	Poisoned Empath adjacent to Poisoner shown 0, hiding the adjacent Evil signal	TRUTH_DANGER;EVIL_TOPOLOGY_COUPLING;POISON_MARGINAL	HIGH	Independent poison example matching Drunk truth-danger pattern.
rd-10	REDDIT_GAME_REPORT	https://www.reddit.com/r/BloodOnTheClocktower/comments/1s935n2	Trouble Brewing	7	ST had run a few games	HIGH_FIDELITY_POSTMORTEM	Poisoned FT changed from prior NO to YES; ST intended false info and later reflected on forgotten prior check	TEMPORAL_CONSISTENCY;IMPAIRMENT_DETECTABILITY;NARRATIVE_CONTINUITY	MEDIUM_HIGH	Shows current clue cannot be judged without prior-night history.
rd-11	REDDIT_GAME_REPORT	https://www.reddit.com/r/BloodOnTheClocktower/comments/1mfyxfz	Trouble Brewing	11	unknown	HIGH_FIDELITY_TRAJECTORY	Mayor bounce to Drunk Ravenkeeper; RK checked Imp and ST confirmed Imp's Soldier bluff	FUTURE_BLUFF_SUPPORT;NARRATIVE_ANCHORING;DYNAMIC_BALANCE	MEDIUM_HIGH	Strong continuation-support example, though decision was later debated.
rd-12	REDDIT_GAME_REPORT	https://www.reddit.com/r/BloodOnTheClocktower/comments/1rpez6a	Trouble Brewing	7	fairly new	HIGH_FIDELITY_TRAJECTORY	Poisoned Ravenkeeper checked Imp and was shown Recluse, matching Imp's current claim/world	NARRATIVE_ANCHORING;RECOVERABILITY;DYNAMIC_BALANCE	MEDIUM_HIGH	Another impaired-info choice shaped around a live Evil narrative.
rd-13	REDDIT_GAME_REPORT	https://www.reddit.com/r/BloodOnTheClocktower/comments/1hgc6he	Trouble Brewing	16	mixed; ST ~10 games	HIGH_FIDELITY_TRAJECTORY	Executed Spy claimed Washerwoman; Undertaker was shown Washerwoman via Spy registration to support the claim	NARRATIVE_ANCHORING;REGISTRATION_SUPPORT;CROSS_CHANNEL_COHERENCE	HIGH	Not droisoned information, but strong general evidence for live-story anchoring.
rd-14	REDDIT_POSTMORTEM	https://www.reddit.com/r/BloodOnTheClocktower/comments/1v9aecb	Trouble Brewing	unknown	unknown	POSTMORTEM_COMPARISON	Healthy Chef/Empath information created rapid Evil collapse around Recluse; commenters favored less immediately collapsing legal information	TRUTH_DANGER;CONFIRMATION_CHAIN;N1_PRESSURE_BAND	MEDIUM	Useful counterfactual/postmortem, not direct observed ST preference.
rd-15	REDDIT_COMMUNITY_PATTERN	https://www.reddit.com/r/BloodOnTheClocktower/comments/1hku8xt	Trouble Brewing	n/a	first-game advice	COMMUNITY_SECONDARY	Beginner bluff advice repeatedly favors low fabrication burden but also recommends offering different bluff groups	BLUFFABILITY;CLAIM_BURDEN;NARRATIVE_DIVERSITY	SECONDARY	Community guidance, not a game record.
rd-16	REDDIT_COMMUNITY_EXPERIENCE	https://www.reddit.com/r/BloodOnTheClocktower/comments/1tbpm1f	Trouble Brewing	n/a	mixed	COMMUNITY_SECONDARY	Chef bluff often succeeds using a correct number; Undertaker bluff without Spy went badly while new minions got easier bluffs	REAL_INFO_ANCHORING;BLUFFABILITY;CLAIM_BURDEN	SECONDARY	Supports practical burden and real-information anchoring.
rd-17	REDDIT_RULE_OF_THUMB	https://www.reddit.com/r/BloodOnTheClocktower/comments/1w5e5d7	Trouble Brewing	various	newer group scenario	COMMUNITY_CASE_DISCUSSION	Poisoned Empath after prior 0: both true 0 and false 1 defended; discussion explicitly frames goal as believable false worlds, not merely false facts	TEMPORAL_CONSISTENCY;IMPAIRMENT_DETECTABILITY;TRUE_INFO_WHILE_IMPAIRED	HIGH_QUALITATIVE	Recent independent confirmation that false-at-all-costs is wrong objective.
