case_id	source_type	public_url	script	players	beginner_context	fidelity	observed_storyteller_choice	parameter_tags	evidence_weight	notes	evidence_tier	expertise_status	preference_strength	active_policy_use	storyteller	expertise_evidence_url	expertise_evidence	reconstruction_status	full_seating	drunk_shown_identity	demon_bluffs	red_herring	poisoner_target	registration_rulings	night1_information	explicit_rationale	player_experience	gold_qualification	missing_data
ct-01	CLOCKTRACKER	https://clocktracker.app/game/ffb40a93-3d7b-42c4-bba8-bc9c363dcd30	Trouble Brewing	14	unknown/mixed	EXECUTABLE	Chef/Investigator/Saint bluffs; RH Monk; poisoned Librarian shown Saint pair; Drunk Empath 0; FT NO	BLUFFABILITY;NARRATIVE_DIVERSITY;COVERAGE_COMPLEMENTARITY;N1_PRESSURE_BAND;DRUNK_MARGINAL;NARRATIVE_ANCHORING	HIGH	Exact external pilot fixture; dedicated workflow/CI/R2 green.	SILVER	UNVERIFIED	OBSERVED_NIGHT1	GENERALIZATION_AFTER_GOLD															
ct-02	CLOCKTRACKER	https://clocktracker.app/game/5815056c-a860-406d-8caa-293b6163fd1f	Trouble Brewing	11	unknown	QUALITATIVE_ST_RATIONALE	ST saw Evil sitting in a row; considered Drunk Chef vs Drunk Investigator and chose Investigator	TRUTH_DANGER;EVIL_TOPOLOGY_COUPLING	HIGH_QUALITATIVE	Explicit ST rationale; exact seat reconstruction pending.	SILVER	UNVERIFIED	EXPLICIT_RATIONALE	GENERALIZATION_AFTER_GOLD															
ct-03	CLOCKTRACKER	https://clocktracker.app/game/0c964606-a126-407b-8952-fed8b6fa2e08	Trouble Brewing	unknown	unknown/mixed	HIGH_FIDELITY_NIGHT1	Demon bluffs Saint/Monk/Investigator; Poisoner target and several N1 clues indexed	NARRATIVE_DIVERSITY;CLAIM_BURDEN;BLUFFABILITY	MEDIUM_HIGH	Exact seat order incomplete; no fabricated topology fixture.	SILVER	UNVERIFIED	OBSERVED_NIGHT1	GENERALIZATION_AFTER_GOLD															
ct-04	CLOCKTRACKER	https://clocktracker.app/game/55fba9f9-3a83-42da-b0c4-596be13c4d55	Trouble Brewing	14	unknown	QUALITATIVE_TRAJECTORY	FT repeatedly hit the Red Herring and received repeated YES results	RED_HERRING_TRAJECTORY	MEDIUM_HIGH	Shows downstream RH impact; exact N1 reconstruction pending.	SILVER	UNVERIFIED	OBSERVED_TRAJECTORY	GENERALIZATION_AFTER_GOLD															
rd-01	REDDIT_GAME_REPORT	https://www.reddit.com/r/BloodOnTheClocktower/comments/1hfg556	Trouble Brewing	11	3 new, 2 lightly experienced, 6 experienced	HIGH_FIDELITY_RATIONALE	Initial Drunk Investigator plan changed to Drunk Empath because Empath sat next to two Evil players	TRUTH_DANGER;EVIL_TOPOLOGY_COUPLING;BEGINNER_BALANCE	HIGH	Independent explicit ST adaptation to actual seating.	QUALITATIVE	UNVERIFIED	EXPLICIT_RATIONALE	POLICY_DIMENSION_DISCOVERY															
rd-02	REDDIT_GAME_REPORT	https://www.reddit.com/r/BloodOnTheClocktower/comments/yv6sc7	Trouble Brewing	9	all new; mostly non-gamers	HIGH_FIDELITY_NIGHT1	Drunk Chef shown 0 although Demon and Minion were adjacent	TRUTH_DANGER;DRUNK_MARGINAL;BEGINNER_BALANCE	HIGH	Independent beginner-table suppression of a dangerous healthy Chef truth.	QUALITATIVE	UNVERIFIED	OBSERVED_NIGHT1	POLICY_DIMENSION_DISCOVERY															
rd-03	REDDIT_GAME_REPORT	https://www.reddit.com/r/BloodOnTheClocktower/comments/vr8551	Trouble Brewing	unknown	mostly newbies; group game 3/4	QUALITATIVE_ST_RATIONALE	Drunk Undertaker selected so ST retained balance control if Poisoner did not choose well	FUTURE_CORRECTION_CAPACITY;ONGOING_INFO_CONTROL	HIGH_QUALITATIVE	Explicit rationale for reserving future correction capacity.	QUALITATIVE	UNVERIFIED	EXPLICIT_RATIONALE	POLICY_DIMENSION_DISCOVERY															
rd-04	REDDIT_GAME_REPORT	https://www.reddit.com/r/BloodOnTheClocktower/comments/19ce47n	Trouble Brewing	9	third ST session; mixed/newish	HIGH_FIDELITY_RATIONALE	Poisoned Empath next to Poisoner+Recluse shown 0; later poisoned RK shown Mayor, the Poisoner's bluff	NARRATIVE_ANCHORING;IMPAIRMENT_DETECTABILITY;RECOVERABILITY;EXPERIENCE_ADAPTATION	HIGH	ST later says choices would be gentler for inexperienced players.	QUALITATIVE	UNVERIFIED	EXPLICIT_RATIONALE	POLICY_DIMENSION_DISCOVERY															
rd-05	REDDIT_GAME_REPORT	https://www.reddit.com/r/BloodOnTheClocktower/comments/1l1p8gd	Trouble Brewing	unknown	fairly new; some first games	HIGH_FIDELITY_TRAJECTORY	FT hits RH Mayor N1; Drunk Undertaker shown Imp after Mayor execution, producing coherent false Scarlet Woman world	RED_HERRING_TRAJECTORY;NARRATIVE_ANCHORING;CROSS_CHANNEL_COHERENCE	HIGH	Independent repeated RH + impaired-info interaction.	QUALITATIVE	UNVERIFIED	OBSERVED_TRAJECTORY	POLICY_DIMENSION_DISCOVERY															
rd-06	REDDIT_ST_DISCUSSION	https://www.reddit.com/r/BloodOnTheClocktower/comments/1iuysix	Trouble Brewing	various	experienced playgroup described	REPEATED_GROUP_OBSERVATION	After healthy Empath 0, poisoning may still warrant 0 because a sudden 1 can expose the Poisoner; Drunk can mimic the change pattern	TEMPORAL_CONSISTENCY;IMPAIRMENT_DETECTABILITY;TRUE_INFO_WHILE_IMPAIRED	HIGH_QUALITATIVE	Directly relevant to cross-night poison/drunk selector.	QUALITATIVE	UNVERIFIED	REPEATED_REPORT	POLICY_DIMENSION_DISCOVERY															
rd-07	REDDIT_GAME_REPORT	https://www.reddit.com/r/BloodOnTheClocktower/comments/1udfsju	Trouble Brewing	unknown	unknown	QUALITATIVE_POSTMORTEM	Table had Drunk Empath + Investigator distorted by Recluse and very little healthy information; player found ecology too information-poor	MIN_HEALTHY_INFO_FLOOR;N1_PRESSURE_BAND	MEDIUM	Negative external experience; use as floor evidence, not automatic bad label.	QUALITATIVE	UNVERIFIED	POSTMORTEM	POLICY_DIMENSION_DISCOVERY															
rd-08	REDDIT_GAME_REPORT	https://www.reddit.com/r/BloodOnTheClocktower/comments/1w3rkb6	Trouble Brewing	9	2 new players; new-ish ST	HIGH_FIDELITY_POSTMORTEM	Drunk Virgin, Chef 0, Empath 0; table complained there was too little information; ST considered alternative Drunk placement	MIN_HEALTHY_INFO_FLOOR;BEGINNER_INFORMATION_DENSITY	HIGH_QUALITATIVE	Independent 2026 beginner-table evidence for a healthy-information floor.	QUALITATIVE	UNVERIFIED	POSTMORTEM	POLICY_DIMENSION_DISCOVERY															
rd-09	REDDIT_GAME_REPORT	https://www.reddit.com/r/BloodOnTheClocktower/comments/v4psvc	Trouble Brewing	8	first ST game	HIGH_FIDELITY_NIGHT1	Poisoned Empath adjacent to Poisoner shown 0, hiding the adjacent Evil signal	TRUTH_DANGER;EVIL_TOPOLOGY_COUPLING;POISON_MARGINAL	HIGH	Independent poison example matching Drunk truth-danger pattern.	QUALITATIVE	UNVERIFIED	OBSERVED_NIGHT1	POLICY_DIMENSION_DISCOVERY															
rd-10	REDDIT_GAME_REPORT	https://www.reddit.com/r/BloodOnTheClocktower/comments/1s935n2	Trouble Brewing	7	ST had run a few games	HIGH_FIDELITY_POSTMORTEM	Poisoned FT changed from prior NO to YES; ST intended false info and later reflected on forgotten prior check	TEMPORAL_CONSISTENCY;IMPAIRMENT_DETECTABILITY;NARRATIVE_CONTINUITY	MEDIUM_HIGH	Shows current clue cannot be judged without prior-night history.	QUALITATIVE	UNVERIFIED	POSTMORTEM	POLICY_DIMENSION_DISCOVERY															
rd-11	REDDIT_GAME_REPORT	https://www.reddit.com/r/BloodOnTheClocktower/comments/1mfyxfz	Trouble Brewing	11	unknown	HIGH_FIDELITY_TRAJECTORY	Mayor bounce to Drunk Ravenkeeper; RK checked Imp and ST confirmed Imp's Soldier bluff	FUTURE_BLUFF_SUPPORT;NARRATIVE_ANCHORING;DYNAMIC_BALANCE	MEDIUM_HIGH	Strong continuation-support example, though decision was later debated.	QUALITATIVE	UNVERIFIED	OBSERVED_TRAJECTORY	POLICY_DIMENSION_DISCOVERY															
rd-12	REDDIT_GAME_REPORT	https://www.reddit.com/r/BloodOnTheClocktower/comments/1rpez6a	Trouble Brewing	7	fairly new	HIGH_FIDELITY_TRAJECTORY	Poisoned Ravenkeeper checked Imp and was shown Recluse, matching Imp's current claim/world	NARRATIVE_ANCHORING;RECOVERABILITY;DYNAMIC_BALANCE	MEDIUM_HIGH	Another impaired-info choice shaped around a live Evil narrative.	QUALITATIVE	UNVERIFIED	OBSERVED_TRAJECTORY	POLICY_DIMENSION_DISCOVERY															
rd-13	REDDIT_GAME_REPORT	https://www.reddit.com/r/BloodOnTheClocktower/comments/1hgc6he	Trouble Brewing	16	mixed; ST ~10 games	HIGH_FIDELITY_TRAJECTORY	Executed Spy claimed Washerwoman; Undertaker was shown Washerwoman via Spy registration to support the claim	NARRATIVE_ANCHORING;REGISTRATION_SUPPORT;CROSS_CHANNEL_COHERENCE	HIGH	Not droisoned information, but strong general evidence for live-story anchoring.	QUALITATIVE	UNVERIFIED	OBSERVED_TRAJECTORY	POLICY_DIMENSION_DISCOVERY															
rd-14	REDDIT_POSTMORTEM	https://www.reddit.com/r/BloodOnTheClocktower/comments/1v9aecb	Trouble Brewing	unknown	unknown	POSTMORTEM_COMPARISON	Healthy Chef/Empath information created rapid Evil collapse around Recluse; commenters favored less immediately collapsing legal information	TRUTH_DANGER;CONFIRMATION_CHAIN;N1_PRESSURE_BAND	MEDIUM	Useful counterfactual/postmortem, not direct observed ST preference.	QUALITATIVE	UNVERIFIED	POSTMORTEM	POLICY_DIMENSION_DISCOVERY															
rd-15	REDDIT_COMMUNITY_PATTERN	https://www.reddit.com/r/BloodOnTheClocktower/comments/1hku8xt	Trouble Brewing	n/a	first-game advice	COMMUNITY_SECONDARY	Beginner bluff advice repeatedly favors low fabrication burden but also recommends offering different bluff groups	BLUFFABILITY;CLAIM_BURDEN;NARRATIVE_DIVERSITY	SECONDARY	Community guidance, not a game record.	QUALITATIVE	UNVERIFIED	OBSERVED_OR_REPORTED	POLICY_DIMENSION_DISCOVERY															
rd-16	REDDIT_COMMUNITY_EXPERIENCE	https://www.reddit.com/r/BloodOnTheClocktower/comments/1tbpm1f	Trouble Brewing	n/a	mixed	COMMUNITY_SECONDARY	Chef bluff often succeeds using a correct number; Undertaker bluff without Spy went badly while new minions got easier bluffs	REAL_INFO_ANCHORING;BLUFFABILITY;CLAIM_BURDEN	SECONDARY	Supports practical burden and real-information anchoring.	QUALITATIVE	UNVERIFIED	OBSERVED_OR_REPORTED	POLICY_DIMENSION_DISCOVERY															
rd-17	REDDIT_RULE_OF_THUMB	https://www.reddit.com/r/BloodOnTheClocktower/comments/1w5e5d7	Trouble Brewing	various	newer group scenario	COMMUNITY_CASE_DISCUSSION	Poisoned Empath after prior 0: both true 0 and false 1 defended; discussion explicitly frames goal as believable false worlds, not merely false facts	TEMPORAL_CONSISTENCY;IMPAIRMENT_DETECTABILITY;TRUE_INFO_WHILE_IMPAIRED	HIGH_QUALITATIVE	Recent independent confirmation that false-at-all-costs is wrong objective.	QUALITATIVE	UNVERIFIED	OBSERVED_OR_REPORTED	POLICY_DIMENSION_DISCOVERY															
goldcand-ben-01	EXPERT_VIDEO_GAME	https://www.youtube.com/watch?v=qZBvRfM3Xow	Trouble Brewing	9	early NRB / relatively new table	PRIMARY_VIDEO_PLUS_HIGH_FIDELITY_SECONDARY_RECONSTRUCTION	Drunk Empath shown 0; FT pair Tom+Elliott shown YES via Recluse-Demon registration; Chef 1	DRUNK_MARGINAL;TEMPORAL_CONSISTENCY;REGISTRATION_SUPPORT;EVIL_TOPOLOGY_COUPLING	HIGH	Primary recording exists; detailed seat/N1 reconstruction currently cross-indexed from NRB episode reference. Do not treat unchosen alternatives as bad. Executable canonical reconstruction and committed-prefix topology report are green in the dedicated B4 T3 workflow; current Chef/Drunk-Empath/FT alternatives are topology-neutral at 56->56.	QUALITATIVE	VERIFIED	OBSERVED_NIGHT1	GOLD_CANDIDATE_RECONSTRUCTION	Ben Burns	https://bloodontheclocktower.com/blogs/news/ben-burns-appreciation-post	TPI documents Ben as integral from early conventions/Kickstarter and long-running face of official Twitch/YouTube; independently supports experienced/trusted Storyteller status.	FULLY_RECONSTRUCTABLE	YES	Sullivan=Drunk shown Empath	Saint;Slayer;Soldier	Sullivan	none	Chef=1 requires Elliott Recluse to register Evil for that interaction; FT Tom+Elliott=YES requires Elliott to register as Demon because neither the actual Demon nor Red Herring was selected.	Chef=1; Drunk Empath=0 for Luke/Jon; FT Tom+Elliott=YES	none found for the specific N1 choices	First NRB Clocktower episode; table is comparatively inexperienced	CANDIDATE_PENDING_PRIMARY_N1_TIMESTAMP_VERIFICATION	Primary-video timestamps for setup commitments and each N1 choice; explicit choice-specific rationale.
goldcand-ben-02	EXPERT_VIDEO_GAME	https://www.youtube.com/watch?v=dU35D9vtum8	Trouble Brewing	8	early NRB / improving but still early-series table	PRIMARY_VIDEO_PLUS_HIGH_FIDELITY_SECONDARY_RECONSTRUCTION	Poisoned Washerwoman shown Carley/Isaac as Empath; FT Isaac+Adam shown NO	POISON_MARGINAL;NARRATIVE_ANCHORING;TRUTH_DANGER;BEGINNER_BALANCE	HIGH	Specific poisoned Washerwoman output is Storyteller-controlled; Ben also gives general early-game balance rationale, but not a choice-specific explanation for this exact pair.	QUALITATIVE	VERIFIED	EXPLICIT_GENERAL_RATIONALE	GOLD_CANDIDATE_RECONSTRUCTION	Ben Burns	https://bloodontheclocktower.com/blogs/news/ben-burns-appreciation-post	TPI documents Ben as integral from early conventions/Kickstarter and long-running face of official Twitch/YouTube; independently supports experienced/trusted Storyteller status.	FULLY_RECONSTRUCTABLE	YES	none	Empath;Recluse;Investigator	Blair	Jon	none on N1	Poisoner->Jon; poisoned Washerwoman Carley/Isaac=Empath; FT Isaac+Adam=NO; Butler->Brooke	General rationale: early Storyteller decisions may protect Evil from an unrecoverable early collapse because Good can be helped later; not specific to the Washerwoman pair.	Third early Trouble Brewing NRB episode; players beginning to reason more systematically	CANDIDATE_PENDING_PRIMARY_N1_TIMESTAMP_VERIFICATION	Primary-video timestamps for setup commitments and each N1 choice; no explicit rationale tied to the exact Washerwoman output
goldcand-ben-03	EXPERT_VIDEO_GAME	https://www.youtube.com/watch?v=m14N28Lq-jM	Trouble Brewing	10	returning NRB cast	PRIMARY_VIDEO_PLUS_HIGH_FIDELITY_SECONDARY_RECONSTRUCTION	Librarian Adam/Laurie=Recluse; Chef 1; FT Adam+Laurie=YES; Poisoner->Isaac	REGISTRATION_SUPPORT;INTERACTION_SCOPED_REGISTRATION;ROLE_FUNCTION_EXPOSURE;CONFIRMATION_CHAIN	HIGH	Especially valuable because the same Recluse can be treated differently across Chef and FT interactions; must recover all legal Chef registration branches before drawing policy conclusions. Executable canonical reconstruction and committed-prefix B4 test are green; production witness enumeration confirms observed Chef=1 natural witness and FT=YES Recluse-as-Demon witness in separate interactions.	QUALITATIVE	VERIFIED	OBSERVED_NIGHT1	GOLD_CANDIDATE_RECONSTRUCTION	Ben Burns	https://bloodontheclocktower.com/blogs/news/ben-burns-appreciation-post	TPI documents Ben as integral from early conventions/Kickstarter and long-running face of official Twitch/YouTube; independently supports experienced/trusted Storyteller status.	FULLY_RECONSTRUCTABLE	YES	Brooke=Drunk shown Undertaker	Investigator;Empath;Saint	Carley herself	Isaac	Chef=1 is the natural/non-Recluse-Evil branch because actual Imp+Baron already form one evil pair; Recluse-as-Evil would add a second pair. FT Adam+Laurie=YES requires Laurie Recluse to register as Demon. This is direct interaction-scoped registration evidence.	Librarian Adam/Laurie=Recluse; Chef=1; Poisoner->Isaac; FT Adam+Laurie=YES	none found for the specific N1 choices	Returning cast; exact per-player game counts not independently verified	CANDIDATE_PENDING_PRIMARY_N1_TIMESTAMP_VERIFICATION	Primary-video timestamps; choice-specific rationale.
goldcand-ben-04	OFFICIAL_TPI_VIDEO_GAME	https://www.youtube.com/watch?v=M5VY5GnXAxw	Trouble Brewing	unknown	unknown/mixed	PRIMARY_VIDEO_N1_CHAPTER_AVAILABLE	Night 1 is directly chaptered in the official recording; detailed decision state not yet extracted	COVERAGE_COMPLEMENTARITY;EXPERT_SOURCE_DISCOVERY	HIGH_SOURCE_LOW_RECONSTRUCTION	Official Blood on the Clocktower channel, Storyteller Ben Burns, published 2026-06-22; promising independent primary reconstruction target.	QUALITATIVE	VERIFIED	OBSERVED_SOURCE_ONLY	GOLD_CANDIDATE_RECONSTRUCTION	Ben Burns	https://bloodontheclocktower.com/blogs/news/ben-burns-appreciation-post	TPI independently documents Ben's long-standing official/community role and extensive game involvement.	PARTIALLY_RECONSTRUCTABLE	UNKNOWN	UNKNOWN	UNKNOWN	UNKNOWN	UNKNOWN	UNKNOWN	Night 1 chapter begins at 00:04:25; detailed outputs not yet extracted	unknown	unknown/mixed	CANDIDATE_PENDING_STATE_EXTRACTION	Seats/roles; Drunk shown role; bluffs; RH; Poisoner target; registrations; exact N1 outputs and rationale
goldcand-evin-01	OFFICIAL_TPI_EARLY_PLAYTHROUGH	https://www.youtube.com/watch?v=4sfa8_kNxsQ	Trouble Brewing	unknown	early playtesters/fans	OFFICIAL_TPI_ENDORSED_PRIMARY_VIDEO	TPI explicitly links Evin running Trouble Brewing for early playtesters/fans; detailed N1 state not yet extracted	INDEPENDENT_EXPERT_SOURCE;EXPERT_SOURCE_DISCOVERY	HIGH_SOURCE_LOW_RECONSTRUCTION	Useful independent-Storyteller target; do not upgrade until expertise depth and full decision state are verified.	QUALITATIVE	VERIFIED	OBSERVED_SOURCE_ONLY	GOLD_CANDIDATE_RECONSTRUCTION	Evin	https://clocktowercon.com.au/guests	Clocktower Con Australia identifies Evin as a co-founder of TPI, integral from the game's early growth, and founder of the Newcastle Clocktower group; TPI separately presents him running Trouble Brewing for early playtesters/fans.	PARTIALLY_RECONSTRUCTABLE	UNKNOWN	UNKNOWN	UNKNOWN	UNKNOWN	UNKNOWN	UNKNOWN	unknown	unknown	early playtesters/fans	CANDIDATE_PENDING_STATE_EXTRACTION	Seats/roles; setup commitments; exact N1 outputs; rationale
